timestamp,src_ip,src_port,dst_ip,dst_port,protocol,action,rule_id,bytes,direction,interface,reason,message
2021-01-09 16:45:11,10.141.12.207,41000,172.26.103.203,22,ICMP,ALLOW,1220,147189,OUT,wan0,policy,ALLOW by rule 1220 (policy)
2021-01-11 14:50:51,192.168.111.23,62200,10.223.69.231,443,UDP,ALLOW,1734,177505,OUT,eth0,allow-list,ALLOW by rule 1734 (allow-list)
2021-01-12 07:59:07,192.168.79.161,9467,10.81.138.234,53,UDP,ALLOW,1615,82950,OUT,eth0,rate-limit,ALLOW by rule 1615 (rate-limit)
2021-01-18 07:12:03,192.168.203.70,209,10.216.126.210,443,ICMP,ALLOW,1235,58241,IN,lan0,suspicious,ALLOW by rule 1235 (suspicious)
2021-01-20 02:51:25,10.138.247.176,45282,10.62.159.42,23,TCP,DENY,1108,6023,IN,lan0,nat-session,DENY by rule 1108 (nat-session)
2021-01-20 09:18:25,172.19.99.234,20902,10.207.246.164,443,UDP,ALLOW,1706,79567,IN,lan0,malformed,ALLOW by rule 1706 (malformed)
2021-01-21 06:34:02,192.168.51.80,62388,10.35.37.99,11247,UDP,DROP,1757,172846,IN,lan0,nat-session,DROP by rule 1757 (nat-session)
2021-01-23 12:17:09,192.168.74.48,21528,10.193.47.107,23,TCP,DENY,1975,142851,OUT,eth0,allow-list,DENY by rule 1975 (allow-list)
2021-01-24 06:14:46,10.19.83.249,53190,10.152.117.43,8080,UDP,DENY,1565,177339,IN,eth0,rate-limit,DENY by rule 1565 (rate-limit)
2021-01-25 06:53:36,10.73.57.206,31859,192.168.186.167,41631,ICMP,DROP,1532,132816,OUT,wan0,policy,DROP by rule 1532 (policy)
2021-01-26 09:24:34,172.16.137.91,17318,192.168.247.211,23,TCP,DENY,1030,8988,IN,dmz0,nat-session,DENY by rule 1030 (nat-session)
2021-01-26 21:09:45,10.143.195.179,59966,10.223.201.241,80,UDP,ALLOW,1387,154685,OUT,wan0,rate-limit,ALLOW by rule 1387 (rate-limit)
2021-01-29 09:21:56,192.168.219.189,41484,10.176.132.87,53,ICMP,ALLOW,1927,69735,IN,wan0,policy,ALLOW by rule 1927 (policy)
2021-01-31 07:14:52,192.168.218.132,17184,172.31.148.243,59677,UDP,DENY,1345,148613,OUT,lan0,port-scan,DENY by rule 1345 (port-scan)
2021-02-02 18:29:02,10.86.16.49,222,192.168.73.243,53,ICMP,ALLOW,1431,120958,IN,lan0,suspicious,ALLOW by rule 1431 (suspicious)
2021-02-03 06:20:32,192.168.1.176,3256,172.16.156.94,80,TCP,ALLOW,1548,99575,OUT,wan0,malformed,ALLOW by rule 1548 (malformed)
2021-02-05 13:29:58,192.168.146.16,1962,10.89.102.121,22,UDP,DROP,1078,56936,OUT,wan0,policy,DROP by rule 1078 (policy)
2021-02-10 08:49:59,10.222.35.19,60116,10.186.134.157,443,ICMP,ALLOW,1563,149581,IN,dmz0,nat-session,ALLOW by rule 1563 (nat-session)
2021-02-16 20:03:04,172.21.100.17,51426,10.49.136.229,443,TCP,ALLOW,1296,97884,IN,lan0,nat-session,ALLOW by rule 1296 (nat-session)
2021-02-17 15:49:30,10.176.248.85,62,10.118.242.175,443,TCP,ALLOW,1749,83720,OUT,eth0,port-scan,ALLOW by rule 1749 (port-scan)
2021-02-22 07:03:24,192.168.72.110,50787,10.43.133.72,80,ICMP,DENY,1636,124162,OUT,lan0,suspicious,DENY by rule 1636 (suspicious)
2021-02-23 08:58:38,10.184.80.232,51339,192.168.39.182,3389,ICMP,ALLOW,1079,100164,IN,eth0,malformed,ALLOW by rule 1079 (malformed)
2021-02-24 00:37:53,192.168.255.179,28826,172.30.143.113,8080,TCP,ALLOW,1107,16095,OUT,lan0,allow-list,ALLOW by rule 1107 (allow-list)
2021-02-24 13:35:12,192.168.200.215,39024,172.28.202.213,80,UDP,DROP,1733,12844,IN,eth0,policy,DROP by rule 1733 (policy)
2021-03-02 04:08:18,10.56.67.73,12918,192.168.227.12,22,ICMP,DROP,1454,185718,IN,lan0,policy,DROP by rule 1454 (policy)
2021-03-05 17:03:32,172.30.71.35,1940,10.180.116.83,53,TCP,DROP,1793,186365,IN,dmz0,allow-list,DROP by rule 1793 (allow-list)
2021-03-07 00:52:06,10.202.173.249,8246,10.1.181.56,59773,ICMP,ALLOW,1838,83274,IN,eth0,nat-session,ALLOW by rule 1838 (nat-session)
2021-03-08 18:05:45,192.168.160.138,33522,10.241.104.59,443,ICMP,ALLOW,1642,175004,OUT,eth0,nat-session,ALLOW by rule 1642 (nat-session)
2021-03-09 16:51:54,172.17.66.175,27976,192.168.141.143,59356,UDP,DROP,1959,95305,IN,wan0,allow-list,DROP by rule 1959 (allow-list)
2021-03-14 08:30:22,10.199.252.233,48407,10.219.251.57,23,UDP,ALLOW,1097,27372,IN,eth0,rate-limit,ALLOW by rule 1097 (rate-limit)
2021-03-15 19:07:31,192.168.61.69,25715,192.168.211.188,23,UDP,DENY,1124,193911,OUT,wan0,allow-list,DENY by rule 1124 (allow-list)
2021-03-16 16:36:57,10.205.133.190,33454,10.248.98.229,23,UDP,ALLOW,1521,110745,OUT,eth0,allow-list,ALLOW by rule 1521 (allow-list)
2021-03-19 16:38:53,192.168.235.98,34900,10.190.237.153,3389,UDP,DENY,1734,81403,IN,lan0,port-scan,DENY by rule 1734 (port-scan)
2021-03-20 05:43:04,10.15.112.89,7279,10.1.42.8,80,UDP,ALLOW,1279,91586,IN,dmz0,port-scan,ALLOW by rule 1279 (port-scan)
2021-03-21 04:12:17,10.46.85.80,37598,10.216.34.145,80,ICMP,ALLOW,1017,162224,OUT,eth0,malformed,ALLOW by rule 1017 (malformed)
2021-03-21 14:32:51,172.31.2.158,13896,10.208.247.192,3389,UDP,ALLOW,1403,58018,OUT,eth0,nat-session,ALLOW by rule 1403 (nat-session)
2021-03-21 14:56:55,192.168.96.127,51287,10.182.137.11,23,ICMP,ALLOW,1795,3325,IN,dmz0,suspicious,ALLOW by rule 1795 (suspicious)
2021-03-22 02:56:20,172.21.165.37,28744,10.143.167.111,443,ICMP,DENY,1951,97839,OUT,lan0,suspicious,DENY by rule 1951 (suspicious)
2021-03-22 22:04:38,172.26.147.162,1665,10.242.22.37,80,TCP,ALLOW,1762,122721,IN,wan0,nat-session,ALLOW by rule 1762 (nat-session)
2021-03-22 23:48:29,10.34.46.113,15961,192.168.18.81,3389,UDP,ALLOW,1448,145943,OUT,eth0,rate-limit,ALLOW by rule 1448 (rate-limit)
2021-03-26 14:55:50,192.168.237.99,9060,10.244.4.53,48486,ICMP,ALLOW,1064,52093,OUT,dmz0,malformed,ALLOW by rule 1064 (malformed)
2021-04-01 09:04:21,10.183.38.133,45728,192.168.254.173,58143,TCP,ALLOW,1310,158154,IN,dmz0,malformed,ALLOW by rule 1310 (malformed)
2021-04-01 09:16:07,192.168.108.204,62329,10.197.213.243,53,TCP,DROP,1578,14866,OUT,eth0,suspicious,DROP by rule 1578 (suspicious)
2021-04-03 22:45:13,10.71.17.154,14600,10.127.47.76,80,TCP,ALLOW,1738,48849,OUT,eth0,allow-list,ALLOW by rule 1738 (allow-list)
2021-04-06 04:41:22,10.155.101.145,58569,10.238.45.213,3389,UDP,ALLOW,1722,129273,OUT,dmz0,malformed,ALLOW by rule 1722 (malformed)
2021-04-06 13:49:12,10.251.166.198,62426,192.168.215.237,80,UDP,DENY,1715,31359,IN,eth0,suspicious,DENY by rule 1715 (suspicious)
2021-04-07 03:08:37,10.197.143.43,9494,10.115.135.205,8625,ICMP,DENY,1144,170102,OUT,dmz0,policy,DENY by rule 1144 (policy)
2021-04-09 03:39:29,192.168.8.8,1093,10.221.132.165,443,TCP,DENY,1873,164719,IN,eth0,port-scan,DENY by rule 1873 (port-scan)
2021-04-13 23:12:00,10.201.176.41,61644,10.125.141.10,23,UDP,ALLOW,1990,187329,OUT,eth0,malformed,ALLOW by rule 1990 (malformed)
2021-04-15 19:46:39,10.252.167.223,41178,10.2.53.132,53,ICMP,ALLOW,1797,160684,OUT,dmz0,policy,ALLOW by rule 1797 (policy)
2021-04-16 08:44:37,192.168.172.4,14059,10.172.0.44,23,TCP,DROP,1486,72434,IN,wan0,rate-limit,DROP by rule 1486 (rate-limit)
2021-04-17 01:56:12,172.27.162.135,14897,10.124.154.244,8080,ICMP,ALLOW,1421,112644,IN,eth0,nat-session,ALLOW by rule 1421 (nat-session)
2021-04-18 00:23:01,192.168.252.122,47834,192.168.147.105,53,ICMP,ALLOW,1197,162435,OUT,wan0,suspicious,ALLOW by rule 1197 (suspicious)
2021-04-19 03:13:21,10.101.44.78,65407,10.55.98.161,443,ICMP,ALLOW,1758,74579,IN,dmz0,rate-limit,ALLOW by rule 1758 (rate-limit)
2021-04-24 07:08:50,172.27.50.189,48151,192.168.14.104,3389,TCP,DROP,1380,87270,OUT,dmz0,nat-session,DROP by rule 1380 (nat-session)
2021-04-26 14:20:06,10.109.239.175,18452,192.168.155.148,8080,ICMP,ALLOW,1070,37428,IN,dmz0,policy,ALLOW by rule 1070 (policy)
2021-04-27 19:50:21,172.25.175.45,26190,10.176.107.187,80,UDP,ALLOW,1121,146472,OUT,dmz0,nat-session,ALLOW by rule 1121 (nat-session)
2021-05-05 07:10:01,10.39.174.26,22707,192.168.27.26,22,ICMP,ALLOW,1057,151260,IN,dmz0,policy,ALLOW by rule 1057 (policy)
2021-05-05 17:14:08,192.168.107.107,218,10.145.114.87,26180,UDP,ALLOW,1327,110616,IN,dmz0,allow-list,ALLOW by rule 1327 (allow-list)
2021-05-07 12:27:42,192.168.128.18,34839,172.28.213.133,80,TCP,DENY,1464,84417,IN,lan0,policy,DENY by rule 1464 (policy)
2021-05-15 03:59:41,192.168.197.230,45597,10.198.28.1,443,UDP,ALLOW,1422,114723,OUT,wan0,policy,ALLOW by rule 1422 (policy)
2021-05-16 18:55:24,192.168.138.217,25290,192.168.201.3,8080,UDP,ALLOW,1944,24790,IN,eth0,malformed,ALLOW by rule 1944 (malformed)
2021-05-20 03:47:40,10.70.239.200,34483,10.10.183.231,443,UDP,ALLOW,1350,171928,IN,eth0,allow-list,ALLOW by rule 1350 (allow-list)
2021-05-22 17:57:37,10.255.155.140,19478,10.122.248.48,53,UDP,ALLOW,1902,78371,IN,eth0,allow-list,ALLOW by rule 1902 (allow-list)
2021-05-22 19:41:26,10.211.85.38,22385,10.39.97.215,22,UDP,ALLOW,1990,133943,OUT,eth0,policy,ALLOW by rule 1990 (policy)
2021-05-23 03:19:02,192.168.227.215,7932,10.178.175.48,41401,ICMP,DENY,1564,65555,OUT,wan0,port-scan,DENY by rule 1564 (port-scan)
2021-05-23 13:35:30,10.106.209.252,49973,10.77.166.151,53,UDP,ALLOW,1025,97516,IN,lan0,rate-limit,ALLOW by rule 1025 (rate-limit)
2021-05-26 09:08:16,172.23.76.147,63507,10.242.207.198,11766,TCP,ALLOW,1440,64077,IN,lan0,port-scan,ALLOW by rule 1440 (port-scan)
2021-05-28 09:38:46,192.168.166.75,51913,10.87.25.123,443,UDP,ALLOW,1503,28619,OUT,dmz0,malformed,ALLOW by rule 1503 (malformed)
2021-05-30 14:11:26,192.168.190.34,40586,10.159.211.106,8080,UDP,DROP,1848,150597,OUT,lan0,policy,DROP by rule 1848 (policy)
2021-05-30 18:19:39,192.168.17.241,32720,10.110.49.118,22,UDP,ALLOW,1227,86446,IN,lan0,allow-list,ALLOW by rule 1227 (allow-list)
2021-06-01 21:44:07,192.168.8.39,33466,192.168.72.104,34424,ICMP,ALLOW,1696,1309,IN,eth0,malformed,ALLOW by rule 1696 (malformed)
2021-06-03 06:36:19,10.211.165.106,13979,172.22.154.241,80,UDP,ALLOW,1768,31550,OUT,lan0,nat-session,ALLOW by rule 1768 (nat-session)
2021-06-04 09:38:39,10.181.246.164,6897,10.254.99.1,23,UDP,ALLOW,1935,164521,IN,lan0,malformed,ALLOW by rule 1935 (malformed)
2021-06-07 10:43:00,192.168.134.57,47592,192.168.42.38,53,TCP,DENY,1504,93220,OUT,lan0,allow-list,DENY by rule 1504 (allow-list)
2021-06-16 01:07:49,10.254.200.252,52093,192.168.39.94,23,TCP,ALLOW,1462,127562,IN,dmz0,rate-limit,ALLOW by rule 1462 (rate-limit)
2021-06-19 08:01:36,10.228.40.1,56029,192.168.9.107,3389,UDP,ALLOW,1044,78548,IN,dmz0,rate-limit,ALLOW by rule 1044 (rate-limit)
2021-06-19 20:20:17,10.110.12.118,46832,192.168.10.216,3389,UDP,ALLOW,1140,190985,OUT,dmz0,policy,ALLOW by rule 1140 (policy)
2021-06-22 13:25:41,192.168.224.77,53937,192.168.186.176,22,ICMP,ALLOW,1595,20487,OUT,lan0,port-scan,ALLOW by rule 1595 (port-scan)
2021-06-22 15:54:42,172.24.209.135,57356,192.168.66.136,22,UDP,DENY,1054,188460,OUT,wan0,malformed,DENY by rule 1054 (malformed)
2021-06-24 10:17:13,10.45.84.239,34943,192.168.104.189,53,UDP,ALLOW,1296,94924,IN,wan0,suspicious,ALLOW by rule 1296 (suspicious)
2021-06-24 20:20:54,10.142.66.11,43865,10.219.181.37,8080,UDP,DENY,1570,139629,IN,wan0,suspicious,DENY by rule 1570 (suspicious)
2021-06-25 17:14:20,192.168.68.90,3843,10.56.12.199,53,ICMP,ALLOW,1532,190443,OUT,dmz0,allow-list,ALLOW by rule 1532 (allow-list)
2021-06-28 21:14:47,172.19.202.194,28542,10.52.191.189,3389,UDP,ALLOW,1336,141190,IN,dmz0,policy,ALLOW by rule 1336 (policy)
2021-07-05 23:53:50,192.168.202.143,25593,172.24.109.96,22,UDP,DROP,1913,186594,OUT,lan0,suspicious,DROP by rule 1913 (suspicious)
2021-07-06 02:33:10,192.168.110.189,38576,192.168.95.66,53,TCP,DROP,1308,2516,IN,wan0,rate-limit,DROP by rule 1308 (rate-limit)
2021-07-06 23:15:06,192.168.22.246,27181,172.26.191.26,8080,UDP,DROP,1188,132083,OUT,wan0,port-scan,DROP by rule 1188 (port-scan)
2021-07-09 23:37:35,10.195.85.79,20755,192.168.80.235,8561,TCP,DROP,1652,82539,OUT,eth0,rate-limit,DROP by rule 1652 (rate-limit)
2021-07-13 02:57:23,172.24.73.88,1928,172.23.244.193,443,UDP,ALLOW,1000,86065,IN,dmz0,allow-list,ALLOW by rule 1000 (allow-list)
2021-07-13 06:09:23,10.250.68.195,40879,10.112.140.249,23,ICMP,DENY,1870,79331,OUT,lan0,nat-session,DENY by rule 1870 (nat-session)
2021-07-13 19:27:38,10.144.8.69,19270,10.253.35.129,6777,UDP,ALLOW,1924,67152,OUT,wan0,policy,ALLOW by rule 1924 (policy)
2021-07-16 09:14:39,172.27.31.183,2589,10.15.162.58,22,ICMP,ALLOW,1728,137614,IN,eth0,suspicious,ALLOW by rule 1728 (suspicious)
2021-07-18 12:22:11,10.94.191.161,43254,172.23.84.13,80,UDP,DROP,1997,163278,IN,eth0,malformed,DROP by rule 1997 (malformed)
2021-07-27 08:51:27,192.168.159.120,28367,10.114.242.171,22,ICMP,DENY,1563,184002,IN,dmz0,suspicious,DENY by rule 1563 (suspicious)
2021-07-28 05:43:30,10.144.170.65,833,192.168.254.243,8080,TCP,ALLOW,1707,64691,IN,dmz0,malformed,ALLOW by rule 1707 (malformed)
2021-07-29 09:46:03,10.53.45.243,42357,10.103.193.224,35920,ICMP,DENY,1415,161012,IN,eth0,allow-list,DENY by rule 1415 (allow-list)
2021-07-29 17:47:05,192.168.32.158,19666,10.208.8.138,22,TCP,ALLOW,1295,21788,OUT,dmz0,nat-session,ALLOW by rule 1295 (nat-session)
2021-08-09 05:47:15,10.59.159.68,53817,172.29.27.238,3389,ICMP,ALLOW,1219,79880,OUT,wan0,rate-limit,ALLOW by rule 1219 (rate-limit)
2021-08-13 02:24:00,10.222.192.81,2761,172.30.246.207,23,TCP,ALLOW,1723,162315,IN,lan0,port-scan,ALLOW by rule 1723 (port-scan)
2021-08-17 04:36:14,192.168.99.101,955,192.168.215.198,80,UDP,DENY,1316,20052,IN,wan0,nat-session,DENY by rule 1316 (nat-session)
2021-08-17 20:49:16,10.102.10.179,31946,10.76.87.114,54155,TCP,ALLOW,1971,21086,IN,eth0,allow-list,ALLOW by rule 1971 (allow-list)
2021-08-20 08:44:37,10.86.18.155,37693,192.168.85.224,443,ICMP,ALLOW,1399,192002,OUT,eth0,allow-list,ALLOW by rule 1399 (allow-list)
2021-08-21 06:32:49,10.146.153.187,55984,192.168.196.50,80,UDP,ALLOW,1342,171722,IN,wan0,allow-list,ALLOW by rule 1342 (allow-list)
2021-08-22 05:03:25,10.41.24.202,3072,10.35.143.170,22,UDP,ALLOW,1795,16732,IN,wan0,port-scan,ALLOW by rule 1795 (port-scan)
2021-08-23 15:16:44,10.126.101.166,15557,10.180.163.19,8080,UDP,DROP,1475,51611,OUT,lan0,port-scan,DROP by rule 1475 (port-scan)
2021-08-24 14:33:44,10.85.247.127,29809,10.187.56.151,8080,ICMP,ALLOW,1689,29854,IN,dmz0,policy,ALLOW by rule 1689 (policy)
2021-08-25 06:00:06,172.17.229.163,34341,10.132.146.34,80,ICMP,ALLOW,1100,111960,IN,dmz0,malformed,ALLOW by rule 1100 (malformed)
2021-08-26 04:35:17,192.168.79.170,51896,192.168.207.27,80,TCP,DENY,1431,185497,IN,dmz0,rate-limit,DENY by rule 1431 (rate-limit)
2021-08-29 05:29:48,10.219.8.51,42130,10.221.69.159,8080,TCP,ALLOW,1035,128861,OUT,eth0,rate-limit,ALLOW by rule 1035 (rate-limit)
2021-08-31 20:48:33,192.168.252.146,18993,10.191.28.115,3389,ICMP,ALLOW,1204,171639,OUT,lan0,policy,ALLOW by rule 1204 (policy)
2021-09-08 00:58:10,10.141.154.98,940,10.69.240.219,55419,UDP,ALLOW,1733,79494,IN,wan0,port-scan,ALLOW by rule 1733 (port-scan)
2021-09-08 18:57:52,192.168.186.71,44212,10.205.246.58,22,ICMP,ALLOW,1087,19681,IN,dmz0,suspicious,ALLOW by rule 1087 (suspicious)
2021-09-10 03:23:36,192.168.95.227,2600,192.168.6.22,22,ICMP,ALLOW,1956,137729,IN,dmz0,port-scan,ALLOW by rule 1956 (port-scan)
2021-09-11 07:26:48,10.110.107.242,51500,10.246.29.15,443,ICMP,ALLOW,1446,144458,OUT,eth0,rate-limit,ALLOW by rule 1446 (rate-limit)
2021-09-12 03:52:06,192.168.5.138,14578,10.44.145.34,23,UDP,ALLOW,1341,196107,IN,dmz0,rate-limit,ALLOW by rule 1341 (rate-limit)
2021-09-13 09:31:55,10.131.176.209,50993,10.37.92.173,29551,TCP,ALLOW,1966,89774,IN,dmz0,nat-session,ALLOW by rule 1966 (nat-session)
2021-09-14 05:50:43,192.168.171.60,35201,10.83.147.39,22,TCP,ALLOW,1507,48522,IN,dmz0,allow-list,ALLOW by rule 1507 (allow-list)
2021-09-16 10:59:49,10.19.106.116,20561,10.70.0.93,8080,UDP,DROP,1445,70735,IN,lan0,allow-list,DROP by rule 1445 (allow-list)
2021-09-18 14:32:30,10.135.157.48,38508,10.100.183.48,8080,UDP,DENY,1712,178932,IN,lan0,rate-limit,DENY by rule 1712 (rate-limit)
2021-09-19 14:34:02,10.219.252.24,24651,192.168.191.150,32006,UDP,ALLOW,1879,173435,IN,lan0,port-scan,ALLOW by rule 1879 (port-scan)
2021-09-24 14:55:37,10.208.25.54,55205,10.19.190.200,443,TCP,ALLOW,1870,18619,IN,lan0,allow-list,ALLOW by rule 1870 (allow-list)
2021-09-25 03:27:18,10.52.181.188,43985,10.146.50.68,22,ICMP,DENY,1770,28036,OUT,lan0,port-scan,DENY by rule 1770 (port-scan)
2021-09-27 00:38:05,172.20.251.210,4710,10.38.79.6,3389,TCP,DROP,1350,55602,OUT,wan0,allow-list,DROP by rule 1350 (allow-list)
2021-09-30 10:01:24,192.168.52.34,54333,10.30.133.32,443,TCP,ALLOW,1598,58982,OUT,eth0,policy,ALLOW by rule 1598 (policy)
2021-10-04 15:10:38,172.16.18.13,19663,10.170.217.118,443,TCP,DROP,1402,13827,OUT,eth0,nat-session,DROP by rule 1402 (nat-session)
2021-10-07 09:40:53,192.168.96.32,60222,10.211.182.188,80,TCP,DENY,1021,35377,OUT,eth0,port-scan,DENY by rule 1021 (port-scan)
2021-10-10 15:13:13,172.17.41.106,22555,10.119.160.242,23,TCP,DENY,1098,32484,IN,lan0,allow-list,DENY by rule 1098 (allow-list)
2021-10-13 10:34:23,192.168.18.190,15817,192.168.17.145,8080,UDP,ALLOW,1154,106985,OUT,wan0,allow-list,ALLOW by rule 1154 (allow-list)
2021-10-15 07:34:35,10.241.199.222,23839,10.129.107.25,80,ICMP,ALLOW,1317,29344,OUT,dmz0,policy,ALLOW by rule 1317 (policy)
2021-10-18 05:06:15,10.68.126.220,53737,10.206.23.82,23,TCP,ALLOW,1898,85987,OUT,lan0,suspicious,ALLOW by rule 1898 (suspicious)
2021-10-18 22:11:47,10.179.197.76,17296,192.168.19.170,53,UDP,ALLOW,1516,125396,IN,eth0,port-scan,ALLOW by rule 1516 (port-scan)
2021-10-20 11:19:36,192.168.6.49,21706,192.168.215.129,8080,UDP,ALLOW,1417,14199,IN,eth0,rate-limit,ALLOW by rule 1417 (rate-limit)
2021-10-20 18:37:24,10.205.102.33,32779,192.168.240.75,23,TCP,ALLOW,1514,192395,IN,eth0,allow-list,ALLOW by rule 1514 (allow-list)
2021-10-22 11:43:29,10.149.47.244,26759,10.64.150.192,53,ICMP,DENY,1876,152441,OUT,wan0,rate-limit,DENY by rule 1876 (rate-limit)
2021-10-25 14:03:00,172.22.50.253,22692,192.168.13.190,80,TCP,ALLOW,1502,108409,IN,lan0,port-scan,ALLOW by rule 1502 (port-scan)
2021-11-01 13:37:12,10.210.157.141,47952,10.10.147.205,53,ICMP,ALLOW,1936,36996,IN,dmz0,allow-list,ALLOW by rule 1936 (allow-list)
2021-11-02 12:05:20,10.46.161.141,31817,10.170.153.2,53,TCP,ALLOW,1295,188190,IN,eth0,nat-session,ALLOW by rule 1295 (nat-session)
2021-11-04 08:27:02,10.205.47.226,7151,10.238.147.128,3389,ICMP,ALLOW,1638,139556,OUT,lan0,suspicious,ALLOW by rule 1638 (suspicious)
2021-11-05 07:40:18,192.168.94.139,48985,10.20.187.38,3389,ICMP,ALLOW,1847,72744,OUT,eth0,port-scan,ALLOW by rule 1847 (port-scan)
2021-11-06 21:35:50,192.168.248.207,23759,10.127.14.107,443,TCP,DROP,1838,71227,OUT,wan0,port-scan,DROP by rule 1838 (port-scan)
2021-11-08 03:28:19,10.159.218.99,41909,172.16.34.225,443,ICMP,ALLOW,1369,92015,IN,lan0,allow-list,ALLOW by rule 1369 (allow-list)
2021-11-08 12:53:33,10.150.6.145,17126,192.168.91.159,23,UDP,ALLOW,1569,126396,OUT,lan0,nat-session,ALLOW by rule 1569 (nat-session)
2021-11-10 06:02:35,10.88.136.64,63377,10.184.150.42,53,TCP,ALLOW,1731,34043,IN,lan0,suspicious,ALLOW by rule 1731 (suspicious)
2021-11-13 22:43:38,10.2.8.39,13972,192.168.68.85,443,ICMP,ALLOW,1215,112454,OUT,lan0,nat-session,ALLOW by rule 1215 (nat-session)
2021-11-14 09:12:12,192.168.13.238,5466,10.171.191.103,47012,TCP,ALLOW,1872,135431,OUT,wan0,policy,ALLOW by rule 1872 (policy)
2021-11-16 14:33:37,10.136.69.10,49564,192.168.175.6,8080,ICMP,DENY,1482,160456,IN,wan0,nat-session,DENY by rule 1482 (nat-session)
2021-11-17 15:14:37,10.243.244.235,28687,10.134.0.211,443,TCP,ALLOW,1529,108876,OUT,eth0,policy,ALLOW by rule 1529 (policy)
2021-11-18 16:48:35,10.103.217.208,26560,10.159.237.63,3389,ICMP,ALLOW,1742,157232,OUT,lan0,allow-list,ALLOW by rule 1742 (allow-list)
2021-11-22 10:01:36,192.168.207.228,31677,10.71.223.191,443,ICMP,DENY,1233,178077,IN,wan0,policy,DENY by rule 1233 (policy)
2021-11-22 10:19:37,192.168.142.185,31626,192.168.73.62,53,UDP,DROP,1305,7615,OUT,wan0,suspicious,DROP by rule 1305 (suspicious)
2021-11-25 22:11:40,192.168.110.150,26511,10.158.194.37,53,TCP,DENY,1553,14290,IN,dmz0,policy,DENY by rule 1553 (policy)
2021-11-26 04:13:10,172.21.114.109,48893,192.168.16.39,443,TCP,DENY,1624,113029,IN,dmz0,malformed,DENY by rule 1624 (malformed)
2021-11-26 23:47:57,10.18.249.130,61848,192.168.210.23,80,UDP,DROP,1759,61434,OUT,wan0,malformed,DROP by rule 1759 (malformed)
2021-11-27 23:37:36,192.168.127.86,16607,192.168.228.114,53,UDP,DENY,1943,80611,OUT,lan0,allow-list,DENY by rule 1943 (allow-list)
2021-12-02 16:12:06,10.101.45.29,25467,192.168.105.114,47680,ICMP,ALLOW,1763,53814,IN,eth0,nat-session,ALLOW by rule 1763 (nat-session)
2021-12-05 12:49:18,192.168.165.228,33019,10.155.136.173,443,TCP,ALLOW,1438,110374,OUT,wan0,suspicious,ALLOW by rule 1438 (suspicious)
2021-12-05 23:15:40,10.196.122.222,56641,10.91.208.232,55665,UDP,DENY,1091,35673,IN,wan0,rate-limit,DENY by rule 1091 (rate-limit)
2021-12-07 04:00:14,10.86.107.35,21084,10.89.172.141,53,ICMP,ALLOW,1631,166158,OUT,wan0,suspicious,ALLOW by rule 1631 (suspicious)
2021-12-07 19:43:11,192.168.227.230,9427,10.222.209.214,3389,UDP,DENY,1920,5730,OUT,dmz0,allow-list,DENY by rule 1920 (allow-list)
2021-12-12 11:17:54,192.168.218.112,18816,10.150.38.173,22522,ICMP,ALLOW,1546,139158,OUT,dmz0,port-scan,ALLOW by rule 1546 (port-scan)
2021-12-13 19:12:39,192.168.124.210,26665,10.163.223.210,23,TCP,DENY,1747,179009,OUT,eth0,nat-session,DENY by rule 1747 (nat-session)
2021-12-16 10:55:36,192.168.176.116,10244,10.101.13.195,23,TCP,ALLOW,1446,116326,OUT,lan0,allow-list,ALLOW by rule 1446 (allow-list)
2021-12-18 13:01:08,192.168.41.131,54913,10.56.9.161,63237,TCP,ALLOW,1454,167481,OUT,wan0,nat-session,ALLOW by rule 1454 (nat-session)
2021-12-20 02:54:20,10.201.172.173,39776,10.232.204.137,3389,UDP,DROP,1145,107457,OUT,eth0,allow-list,DROP by rule 1145 (allow-list)
2021-12-24 02:11:56,172.16.252.47,41030,10.35.61.189,443,TCP,ALLOW,1233,162248,OUT,lan0,suspicious,ALLOW by rule 1233 (suspicious)
2022-01-02 16:37:08,10.41.89.159,751,192.168.157.156,3389,UDP,ALLOW,1616,167894,IN,eth0,policy,ALLOW by rule 1616 (policy)
2022-01-04 07:29:47,10.72.111.18,23477,10.197.151.252,80,ICMP,ALLOW,1787,182935,OUT,lan0,rate-limit,ALLOW by rule 1787 (rate-limit)
2022-01-04 13:21:20,10.167.200.195,47372,192.168.69.75,3389,UDP,DROP,1713,25839,OUT,eth0,suspicious,DROP by rule 1713 (suspicious)
2022-01-06 16:13:43,10.224.15.250,16216,10.171.43.43,443,TCP,DROP,1995,95395,IN,wan0,suspicious,DROP by rule 1995 (suspicious)
2022-01-10 06:09:33,10.71.11.185,54615,10.39.187.122,40037,ICMP,DENY,1764,70505,IN,dmz0,port-scan,DENY by rule 1764 (port-scan)
2022-01-11 22:22:24,10.125.178.198,7742,192.168.131.231,8080,UDP,ALLOW,1116,194515,IN,lan0,port-scan,ALLOW by rule 1116 (port-scan)
2022-01-13 01:19:21,10.143.40.202,61401,10.121.133.14,8080,ICMP,DENY,1783,82214,OUT,eth0,rate-limit,DENY by rule 1783 (rate-limit)
2022-01-13 09:45:07,10.88.112.93,2100,192.168.229.119,23,ICMP,ALLOW,1802,84157,IN,lan0,nat-session,ALLOW by rule 1802 (nat-session)
2022-01-17 00:50:12,192.168.234.7,39784,10.200.254.36,3389,ICMP,DENY,1845,78359,IN,lan0,suspicious,DENY by rule 1845 (suspicious)
2022-01-17 05:17:22,192.168.136.152,18155,192.168.79.134,22,TCP,DENY,1343,157858,OUT,eth0,suspicious,DENY by rule 1343 (suspicious)
2022-01-18 14:15:21,192.168.207.142,19676,192.168.57.192,22,UDP,ALLOW,1614,77200,OUT,lan0,nat-session,ALLOW by rule 1614 (nat-session)
2022-01-19 00:59:53,192.168.151.192,907,10.195.58.163,53,TCP,DENY,1099,169516,OUT,eth0,nat-session,DENY by rule 1099 (nat-session)
2022-01-20 09:57:21,192.168.195.184,59053,192.168.137.233,8080,TCP,ALLOW,1548,101833,OUT,wan0,port-scan,ALLOW by rule 1548 (port-scan)
2022-01-20 14:25:17,10.76.69.68,54653,10.33.142.254,16808,UDP,DENY,1936,45844,OUT,dmz0,suspicious,DENY by rule 1936 (suspicious)
2022-01-22 01:37:36,10.73.221.176,62122,192.168.115.100,1931,UDP,ALLOW,1714,125365,OUT,eth0,allow-list,ALLOW by rule 1714 (allow-list)
2022-01-24 16:55:12,10.27.99.127,59476,192.168.222.213,8080,ICMP,ALLOW,1908,40818,OUT,wan0,suspicious,ALLOW by rule 1908 (suspicious)
2022-01-29 14:20:55,172.20.245.203,13127,10.163.128.240,8080,TCP,ALLOW,1554,181988,IN,dmz0,port-scan,ALLOW by rule 1554 (port-scan)
2022-02-01 07:42:38,192.168.37.166,45230,192.168.74.24,80,ICMP,ALLOW,1002,75743,IN,eth0,rate-limit,ALLOW by rule 1002 (rate-limit)
2022-02-01 10:53:55,172.17.40.240,48571,192.168.72.203,22,TCP,ALLOW,1147,99153,OUT,lan0,policy,ALLOW by rule 1147 (policy)
2022-02-05 15:57:25,192.168.156.149,50236,10.164.121.48,443,ICMP,ALLOW,1683,144130,OUT,eth0,malformed,ALLOW by rule 1683 (malformed)
2022-02-06 21:12:12,192.168.21.157,52678,10.77.105.113,3389,UDP,ALLOW,1712,80641,IN,dmz0,rate-limit,ALLOW by rule 1712 (rate-limit)
2022-02-14 10:01:25,10.125.146.95,8121,10.190.225.220,1617,UDP,DENY,1513,104810,OUT,wan0,policy,DENY by rule 1513 (policy)
2022-02-16 07:09:07,172.23.131.17,65283,10.128.53.144,23,ICMP,ALLOW,1041,34669,IN,eth0,allow-list,ALLOW by rule 1041 (allow-list)
2022-02-16 15:37:43,192.168.105.188,51057,10.239.218.93,3389,TCP,DENY,1078,124621,IN,eth0,port-scan,DENY by rule 1078 (port-scan)
2022-02-18 06:52:25,172.25.181.68,16505,172.16.210.95,8080,ICMP,DROP,1521,149481,IN,dmz0,suspicious,DROP by rule 1521 (suspicious)
2022-02-18 10:48:47,192.168.98.116,46827,10.228.139.49,12157,ICMP,ALLOW,1784,135198,IN,wan0,port-scan,ALLOW by rule 1784 (port-scan)
2022-02-26 03:21:36,172.27.162.225,20302,10.29.23.27,8080,TCP,ALLOW,1692,4523,IN,dmz0,allow-list,ALLOW by rule 1692 (allow-list)
2022-02-28 12:39:29,172.26.155.148,20709,192.168.168.132,80,TCP,ALLOW,1375,181928,IN,wan0,port-scan,ALLOW by rule 1375 (port-scan)
2022-03-01 13:01:49,10.103.13.27,11946,172.26.253.167,443,UDP,ALLOW,1124,44846,OUT,wan0,policy,ALLOW by rule 1124 (policy)
2022-03-04 04:10:29,10.160.219.66,49328,10.130.172.221,22,TCP,DENY,1383,35299,IN,wan0,port-scan,DENY by rule 1383 (port-scan)
2022-03-04 22:24:49,192.168.151.143,51206,172.31.139.189,8080,ICMP,ALLOW,1916,158163,IN,eth0,allow-list,ALLOW by rule 1916 (allow-list)
2022-03-08 02:38:09,10.170.45.177,4774,10.50.124.180,23,TCP,DROP,1217,79863,IN,eth0,port-scan,DROP by rule 1217 (port-scan)
2022-03-08 20:44:24,192.168.30.7,9568,192.168.0.120,53,ICMP,DENY,1915,35124,OUT,dmz0,suspicious,DENY by rule 1915 (suspicious)
2022-03-11 09:30:30,192.168.73.196,54516,10.128.35.57,3389,ICMP,ALLOW,1335,150528,IN,wan0,nat-session,ALLOW by rule 1335 (nat-session)
2022-03-13 18:16:46,192.168.244.242,65262,10.25.220.157,22,TCP,ALLOW,1344,26934,OUT,lan0,allow-list,ALLOW by rule 1344 (allow-list)
2022-03-14 14:03:52,10.253.23.114,2672,192.168.3.88,3389,TCP,DROP,1227,198722,OUT,lan0,suspicious,DROP by rule 1227 (suspicious)
2022-03-18 06:53:56,10.29.232.26,23073,10.41.6.246,8080,UDP,DENY,1246,153105,IN,wan0,port-scan,DENY by rule 1246 (port-scan)
2022-03-22 09:48:01,192.168.237.104,19487,172.18.46.8,23,TCP,DENY,1557,17273,IN,wan0,allow-list,DENY by rule 1557 (allow-list)
2022-03-23 03:31:44,172.17.132.10,62042,172.23.169.53,8080,TCP,ALLOW,1803,189961,IN,dmz0,allow-list,ALLOW by rule 1803 (allow-list)
2022-04-02 20:48:23,10.123.77.252,6352,10.182.14.175,53,TCP,DENY,1286,95776,OUT,wan0,allow-list,DENY by rule 1286 (allow-list)
2022-04-03 09:39:45,172.20.75.105,4494,192.168.255.68,80,UDP,ALLOW,1084,117907,OUT,wan0,policy,ALLOW by rule 1084 (policy)
2022-04-05 21:47:39,10.127.219.41,62436,10.160.81.143,3723,UDP,ALLOW,1530,134660,OUT,lan0,port-scan,ALLOW by rule 1530 (port-scan)
2022-04-06 16:00:20,10.200.201.131,63869,10.216.70.113,22,UDP,DENY,1962,64104,OUT,lan0,allow-list,DENY by rule 1962 (allow-list)
2022-04-08 03:46:27,192.168.46.135,55566,192.168.1.175,53,TCP,ALLOW,1303,105739,OUT,dmz0,port-scan,ALLOW by rule 1303 (port-scan)
2022-04-11 11:44:36,10.19.159.137,59312,172.25.133.236,49699,UDP,ALLOW,1480,133423,IN,eth0,rate-limit,ALLOW by rule 1480 (rate-limit)
2022-04-12 11:37:09,192.168.74.241,13424,10.4.42.206,80,UDP,DROP,1343,107642,IN,wan0,port-scan,DROP by rule 1343 (port-scan)
2022-04-12 21:40:02,10.183.98.121,20382,10.78.240.70,443,ICMP,ALLOW,1990,48536,OUT,lan0,suspicious,ALLOW by rule 1990 (suspicious)
2022-04-14 01:55:13,10.151.245.205,34044,10.216.153.139,22,TCP,DROP,1227,14739,OUT,dmz0,nat-session,DROP by rule 1227 (nat-session)
2022-04-15 01:34:31,192.168.85.196,26572,10.33.227.33,8080,ICMP,ALLOW,1849,141586,IN,dmz0,port-scan,ALLOW by rule 1849 (port-scan)
2022-04-15 23:50:34,192.168.225.224,56689,172.18.183.20,22,TCP,DENY,1131,13720,IN,wan0,rate-limit,DENY by rule 1131 (rate-limit)
2022-04-17 03:47:20,10.27.223.156,21939,10.184.112.18,8080,ICMP,DENY,1144,87763,IN,lan0,malformed,DENY by rule 1144 (malformed)
2022-04-17 22:13:45,10.223.50.103,44563,192.168.40.234,53,ICMP,ALLOW,1375,17040,OUT,lan0,port-scan,ALLOW by rule 1375 (port-scan)
2022-04-24 08:50:07,10.46.231.203,65523,192.168.183.98,23,ICMP,ALLOW,1430,19881,IN,wan0,policy,ALLOW by rule 1430 (policy)
2022-04-25 11:28:47,10.202.107.60,28929,10.21.76.83,8080,ICMP,ALLOW,1051,50976,IN,dmz0,suspicious,ALLOW by rule 1051 (suspicious)
2022-04-27 03:45:37,192.168.118.129,54213,192.168.219.152,53,UDP,DENY,1521,167304,OUT,dmz0,policy,DENY by rule 1521 (policy)
2022-04-29 22:11:29,10.72.143.74,31254,10.202.33.30,80,TCP,ALLOW,1041,128412,OUT,eth0,suspicious,ALLOW by rule 1041 (suspicious)
2022-04-30 07:45:11,172.30.101.144,32559,10.191.17.195,23,TCP,ALLOW,1366,88467,IN,lan0,nat-session,ALLOW by rule 1366 (nat-session)
2022-05-02 16:22:35,10.29.171.52,39736,10.228.97.25,53,UDP,DENY,1231,166246,IN,dmz0,malformed,DENY by rule 1231 (malformed)
2022-05-04 04:22:43,192.168.160.239,46746,192.168.95.201,22,UDP,DROP,1301,106546,IN,lan0,port-scan,DROP by rule 1301 (port-scan)
2022-05-04 10:57:40,10.33.80.210,34803,10.60.104.241,53,TCP,ALLOW,1945,86856,IN,dmz0,nat-session,ALLOW by rule 1945 (nat-session)
2022-05-05 07:45:30,10.61.224.113,6517,192.168.120.66,443,ICMP,ALLOW,1131,37013,IN,dmz0,malformed,ALLOW by rule 1131 (malformed)
2022-05-05 19:26:10,192.168.38.158,10521,10.20.214.49,53,UDP,ALLOW,1434,52730,IN,wan0,policy,ALLOW by rule 1434 (policy)
2022-05-06 20:05:19,10.220.37.147,2932,10.99.37.104,39419,TCP,DROP,1290,115163,OUT,lan0,rate-limit,DROP by rule 1290 (rate-limit)
2022-05-08 18:24:34,192.168.52.21,60591,10.139.81.75,53,ICMP,ALLOW,1952,10035,OUT,dmz0,nat-session,ALLOW by rule 1952 (nat-session)
2022-05-08 21:13:18,10.37.72.84,18789,192.168.34.187,443,ICMP,ALLOW,1219,46984,OUT,wan0,policy,ALLOW by rule 1219 (policy)
2022-05-09 16:55:12,192.168.3.40,3869,192.168.42.28,28528,UDP,DENY,1387,60154,IN,eth0,policy,DENY by rule 1387 (policy)
2022-05-12 03:57:57,10.233.153.248,38036,10.73.182.67,8080,ICMP,ALLOW,1790,73693,IN,dmz0,nat-session,ALLOW by rule 1790 (nat-session)
2022-05-13 13:54:57,192.168.222.24,64271,10.46.6.28,41808,ICMP,ALLOW,1925,108155,OUT,eth0,nat-session,ALLOW by rule 1925 (nat-session)
2022-05-13 21:15:24,192.168.3.196,12592,10.159.116.87,53257,UDP,ALLOW,1670,38505,IN,dmz0,malformed,ALLOW by rule 1670 (malformed)
2022-05-20 04:18:27,10.8.55.143,8757,192.168.154.36,80,UDP,ALLOW,1429,97031,IN,dmz0,malformed,ALLOW by rule 1429 (malformed)
2022-05-21 06:45:32,192.168.42.182,64798,10.126.231.167,443,ICMP,DENY,1868,191246,OUT,wan0,port-scan,DENY by rule 1868 (port-scan)
2022-05-21 07:21:00,10.157.96.145,62869,10.76.240.10,22,TCP,DENY,1613,86399,IN,eth0,malformed,DENY by rule 1613 (malformed)
2022-05-22 18:45:59,10.224.24.231,8963,10.119.224.121,22,ICMP,ALLOW,1408,51687,OUT,dmz0,malformed,ALLOW by rule 1408 (malformed)
2022-05-25 11:23:28,10.51.157.1,23732,10.191.15.69,22,UDP,ALLOW,1738,134692,OUT,eth0,allow-list,ALLOW by rule 1738 (allow-list)
2022-05-26 15:15:04,172.21.135.80,50465,192.168.157.184,22,UDP,ALLOW,1970,172355,OUT,dmz0,rate-limit,ALLOW by rule 1970 (rate-limit)
2022-05-29 04:31:35,172.21.99.21,28914,192.168.120.139,8080,ICMP,DENY,1905,97947,IN,dmz0,suspicious,DENY by rule 1905 (suspicious)
2022-05-30 19:44:09,10.174.216.209,54573,10.98.239.227,80,TCP,DROP,1861,60823,OUT,wan0,nat-session,DROP by rule 1861 (nat-session)
2022-05-31 00:26:08,192.168.253.85,12296,172.22.134.126,80,ICMP,ALLOW,1941,1846,IN,dmz0,allow-list,ALLOW by rule 1941 (allow-list)
2022-05-31 00:47:28,10.169.83.65,1613,10.86.67.99,53,UDP,ALLOW,1700,40562,OUT,dmz0,rate-limit,ALLOW by rule 1700 (rate-limit)
2022-06-05 14:04:26,192.168.74.194,38796,10.255.37.152,443,TCP,DROP,1066,49402,IN,eth0,suspicious,DROP by rule 1066 (suspicious)
2022-06-06 00:16:43,10.87.155.118,36837,172.25.249.28,23,ICMP,DENY,1941,704,OUT,wan0,policy,DENY by rule 1941 (policy)
2022-06-06 18:57:59,172.27.188.142,4461,172.31.229.122,8080,TCP,ALLOW,1486,62843,IN,eth0,rate-limit,ALLOW by rule 1486 (rate-limit)
2022-06-10 19:18:05,10.5.210.90,18979,192.168.130.150,53,ICMP,ALLOW,1166,15595,OUT,eth0,allow-list,ALLOW by rule 1166 (allow-list)
2022-06-12 04:28:21,10.95.201.188,38063,192.168.39.171,53072,UDP,ALLOW,1014,55188,IN,wan0,malformed,ALLOW by rule 1014 (malformed)
2022-06-13 23:57:33,192.168.73.48,45034,192.168.248.193,3389,ICMP,DENY,1943,42248,OUT,lan0,nat-session,DENY by rule 1943 (nat-session)
2022-06-14 06:47:46,172.17.195.212,21461,192.168.42.166,28429,TCP,DENY,1865,26668,IN,wan0,suspicious,DENY by rule 1865 (suspicious)
2022-06-17 22:56:12,10.208.199.198,26030,10.88.28.90,80,ICMP,ALLOW,1401,125598,OUT,eth0,suspicious,ALLOW by rule 1401 (suspicious)
2022-06-20 13:08:54,10.251.78.156,64523,192.168.120.118,23,ICMP,ALLOW,1407,148546,IN,wan0,nat-session,ALLOW by rule 1407 (nat-session)
2022-06-27 10:44:57,10.111.83.182,55448,10.76.28.225,22,ICMP,DENY,1802,149267,IN,eth0,port-scan,DENY by rule 1802 (port-scan)
2022-06-29 20:52:04,10.95.28.237,4750,172.23.116.242,22,UDP,ALLOW,1716,106864,OUT,eth0,nat-session,ALLOW by rule 1716 (nat-session)
2022-07-01 05:27:19,192.168.160.196,13530,192.168.3.40,8080,ICMP,ALLOW,1648,187430,OUT,dmz0,malformed,ALLOW by rule 1648 (malformed)
2022-07-01 06:49:01,192.168.56.113,45491,10.189.148.185,8080,UDP,DROP,1136,10580,OUT,dmz0,nat-session,DROP by rule 1136 (nat-session)
2022-07-01 07:47:59,10.13.186.100,40886,192.168.177.19,8080,TCP,DENY,1351,61303,OUT,dmz0,port-scan,DENY by rule 1351 (port-scan)
2022-07-05 09:56:49,10.217.181.243,41260,192.168.145.100,59549,TCP,ALLOW,1930,11271,IN,dmz0,rate-limit,ALLOW by rule 1930 (rate-limit)
2022-07-09 05:31:45,192.168.220.39,23147,172.19.188.81,53,ICMP,DENY,1566,116346,IN,wan0,allow-list,DENY by rule 1566 (allow-list)
2022-07-11 05:06:14,192.168.149.111,15161,10.171.100.107,1507,ICMP,DROP,1967,190676,OUT,wan0,rate-limit,DROP by rule 1967 (rate-limit)
2022-07-15 06:28:34,10.235.247.83,35951,10.104.15.116,53,ICMP,DENY,1084,52074,OUT,lan0,policy,DENY by rule 1084 (policy)
2022-07-15 21:37:11,10.173.5.243,46587,10.28.132.109,80,ICMP,ALLOW,1785,187842,OUT,wan0,policy,ALLOW by rule 1785 (policy)
2022-07-17 18:17:56,192.168.8.162,61179,10.11.142.205,53,UDP,ALLOW,1187,164717,OUT,dmz0,port-scan,ALLOW by rule 1187 (port-scan)
2022-07-18 11:32:16,10.60.57.80,42211,10.49.5.219,53206,UDP,DENY,1702,131214,OUT,lan0,nat-session,DENY by rule 1702 (nat-session)
2022-07-23 18:34:19,192.168.190.115,23875,192.168.119.120,22,TCP,ALLOW,1541,115756,IN,eth0,policy,ALLOW by rule 1541 (policy)
2022-07-25 14:52:31,192.168.2.184,44000,192.168.220.52,53,UDP,ALLOW,1862,159926,IN,lan0,suspicious,ALLOW by rule 1862 (suspicious)
2022-07-26 20:06:11,10.8.101.198,38295,192.168.173.166,23,ICMP,ALLOW,1174,128892,OUT,lan0,rate-limit,ALLOW by rule 1174 (rate-limit)
2022-07-29 09:29:30,172.17.244.249,45138,192.168.223.132,22,ICMP,ALLOW,1731,60189,OUT,eth0,suspicious,ALLOW by rule 1731 (suspicious)
2022-07-30 13:51:41,10.163.22.127,31493,10.233.46.159,3389,ICMP,DROP,1946,83978,OUT,lan0,policy,DROP by rule 1946 (policy)
2022-08-03 15:33:42,10.223.90.5,49968,172.26.0.14,23,TCP,ALLOW,1177,193934,IN,wan0,suspicious,ALLOW by rule 1177 (suspicious)
2022-08-08 21:11:04,10.103.191.246,32421,10.195.165.15,3389,TCP,ALLOW,1210,189284,IN,wan0,policy,ALLOW by rule 1210 (policy)
2022-08-13 10:36:59,192.168.185.216,54376,192.168.252.113,80,TCP,ALLOW,1719,25007,IN,dmz0,allow-list,ALLOW by rule 1719 (allow-list)
2022-08-13 18:18:33,192.168.231.47,16111,10.98.229.230,53,ICMP,ALLOW,1129,135919,OUT,lan0,suspicious,ALLOW by rule 1129 (suspicious)
2022-08-14 16:50:49,10.152.190.67,61443,10.140.106.216,23,TCP,ALLOW,1650,152262,IN,wan0,policy,ALLOW by rule 1650 (policy)
2022-08-14 17:40:26,10.236.247.66,36774,192.168.183.32,80,ICMP,ALLOW,1596,142776,OUT,eth0,malformed,ALLOW by rule 1596 (malformed)
2022-08-15 17:50:54,192.168.204.107,44812,10.178.141.195,3389,ICMP,ALLOW,1299,143060,OUT,wan0,policy,ALLOW by rule 1299 (policy)
2022-08-19 22:15:34,192.168.8.182,60529,10.103.186.230,443,ICMP,ALLOW,1516,162859,IN,lan0,suspicious,ALLOW by rule 1516 (suspicious)
2022-08-21 09:17:31,172.29.0.184,47463,10.98.0.222,80,ICMP,ALLOW,1689,31414,IN,lan0,policy,ALLOW by rule 1689 (policy)
2022-08-24 20:21:35,10.59.13.230,37605,10.2.235.80,49255,UDP,DENY,1251,26638,OUT,wan0,policy,DENY by rule 1251 (policy)
2022-08-30 10:25:49,192.168.221.182,15014,192.168.31.64,23,UDP,DENY,1738,185158,OUT,dmz0,policy,DENY by rule 1738 (policy)
2022-09-06 16:17:05,192.168.90.156,26803,192.168.208.125,8080,UDP,DENY,1857,84955,OUT,wan0,malformed,DENY by rule 1857 (malformed)
2022-09-12 09:14:31,10.181.153.136,18760,192.168.137.56,8080,ICMP,DROP,1958,84183,IN,dmz0,nat-session,DROP by rule 1958 (nat-session)
2022-09-12 20:26:26,10.21.157.83,24920,10.21.127.179,61553,TCP,ALLOW,1911,194069,IN,wan0,nat-session,ALLOW by rule 1911 (nat-session)
2022-09-13 23:12:30,192.168.116.211,55616,10.8.246.108,23,ICMP,DENY,1685,81031,IN,lan0,policy,DENY by rule 1685 (policy)
2022-09-14 18:18:06,10.2.197.18,46924,10.31.172.165,1661,TCP,DROP,1846,68637,IN,eth0,rate-limit,DROP by rule 1846 (rate-limit)
2022-09-23 04:30:00,10.119.29.72,51408,10.237.85.126,23,UDP,DROP,1291,19629,IN,wan0,allow-list,DROP by rule 1291 (allow-list)
2022-09-23 21:50:02,192.168.106.13,36857,10.76.155.109,22,UDP,ALLOW,1438,11373,IN,dmz0,suspicious,ALLOW by rule 1438 (suspicious)
2022-09-23 21:55:36,10.235.213.47,21658,10.94.13.96,8080,TCP,ALLOW,1696,135924,IN,lan0,allow-list,ALLOW by rule 1696 (allow-list)
2022-09-23 22:47:29,10.95.136.173,47652,192.168.210.211,80,TCP,ALLOW,1221,115168,OUT,dmz0,malformed,ALLOW by rule 1221 (malformed)
2022-09-24 04:45:25,192.168.78.169,64771,10.130.140.85,3389,TCP,DENY,1404,67816,OUT,dmz0,port-scan,DENY by rule 1404 (port-scan)
2022-09-25 21:43:00,10.164.197.74,55977,10.86.122.41,3389,TCP,ALLOW,1254,107782,IN,dmz0,nat-session,ALLOW by rule 1254 (nat-session)
2022-09-26 12:43:41,10.85.50.130,1370,172.16.108.156,23340,TCP,DENY,1226,33537,OUT,wan0,allow-list,DENY by rule 1226 (allow-list)
2022-09-28 07:17:14,10.84.252.202,34427,10.112.244.188,8080,TCP,ALLOW,1290,70523,IN,lan0,malformed,ALLOW by rule 1290 (malformed)
2022-10-02 23:51:37,10.175.211.144,5227,10.135.165.109,80,UDP,ALLOW,1780,150053,IN,dmz0,rate-limit,ALLOW by rule 1780 (rate-limit)
2022-10-03 07:14:34,192.168.92.110,58213,10.45.206.215,8080,TCP,ALLOW,1775,130128,IN,eth0,port-scan,ALLOW by rule 1775 (port-scan)
2022-10-04 11:09:35,10.145.31.24,46137,192.168.179.186,8080,UDP,ALLOW,1964,130175,IN,wan0,policy,ALLOW by rule 1964 (policy)
2022-10-04 22:55:06,192.168.151.165,63589,10.148.211.135,53,TCP,ALLOW,1508,108086,IN,wan0,nat-session,ALLOW by rule 1508 (nat-session)
2022-10-04 23:41:57,192.168.224.235,35497,10.180.136.83,443,ICMP,ALLOW,1980,138888,OUT,eth0,port-scan,ALLOW by rule 1980 (port-scan)
2022-10-06 13:58:21,10.224.131.151,8941,192.168.219.19,443,UDP,ALLOW,1588,53216,OUT,eth0,suspicious,ALLOW by rule 1588 (suspicious)
2022-10-06 18:34:17,192.168.91.203,24069,172.17.91.86,23,ICMP,DENY,1347,393,OUT,dmz0,port-scan,DENY by rule 1347 (port-scan)
2022-10-10 04:42:52,192.168.152.219,28589,10.99.138.145,3389,TCP,DROP,1267,147409,IN,wan0,rate-limit,DROP by rule 1267 (rate-limit)
2022-10-16 08:02:45,192.168.129.24,3492,10.71.60.26,3923,UDP,ALLOW,1049,42950,OUT,lan0,rate-limit,ALLOW by rule 1049 (rate-limit)
2022-10-16 15:06:36,10.89.175.170,22400,10.109.100.108,16226,ICMP,DROP,1433,168463,IN,lan0,allow-list,DROP by rule 1433 (allow-list)
2022-10-17 22:30:15,192.168.50.166,51996,10.67.116.40,23,UDP,DENY,1599,193125,OUT,lan0,policy,DENY by rule 1599 (policy)
2022-10-19 20:20:58,192.168.241.240,328,10.83.223.159,41128,TCP,DROP,1216,194792,OUT,wan0,port-scan,DROP by rule 1216 (port-scan)
2022-10-21 06:01:16,172.19.13.190,16603,10.227.147.77,53,TCP,DROP,1300,144727,OUT,dmz0,malformed,DROP by rule 1300 (malformed)
2022-10-22 16:30:43,192.168.44.125,50844,10.14.155.128,53,TCP,DROP,1532,118769,IN,lan0,suspicious,DROP by rule 1532 (suspicious)
2022-10-23 22:01:43,192.168.158.70,23399,10.184.112.48,80,UDP,ALLOW,1876,42451,IN,wan0,suspicious,ALLOW by rule 1876 (suspicious)
2022-10-25 19:31:03,192.168.195.134,15602,192.168.61.152,22,UDP,ALLOW,1312,108668,OUT,lan0,malformed,ALLOW by rule 1312 (malformed)
2022-10-26 03:05:24,10.55.34.40,29104,10.18.140.192,3389,UDP,ALLOW,1625,69359,OUT,lan0,suspicious,ALLOW by rule 1625 (suspicious)
2022-10-26 10:21:53,192.168.141.231,29133,10.159.225.171,48076,TCP,ALLOW,1028,108131,IN,lan0,policy,ALLOW by rule 1028 (policy)
2022-11-05 07:08:34,192.168.121.45,45563,10.225.87.252,443,ICMP,ALLOW,1870,61622,IN,eth0,nat-session,ALLOW by rule 1870 (nat-session)
2022-11-06 12:22:50,192.168.171.19,52456,192.168.147.61,22,TCP,ALLOW,1551,84964,OUT,wan0,nat-session,ALLOW by rule 1551 (nat-session)
2022-11-07 03:19:18,192.168.170.199,25272,192.168.178.54,8080,TCP,ALLOW,1119,41915,IN,dmz0,policy,ALLOW by rule 1119 (policy)
2022-11-07 16:19:16,10.135.218.101,14179,192.168.115.89,3389,UDP,DENY,1549,94757,OUT,eth0,suspicious,DENY by rule 1549 (suspicious)
2022-11-10 13:31:39,10.249.229.139,51598,10.76.32.39,26433,UDP,ALLOW,1036,26217,OUT,eth0,port-scan,ALLOW by rule 1036 (port-scan)
2022-11-11 05:13:02,10.199.163.141,61897,192.168.157.97,443,TCP,ALLOW,1743,53007,IN,dmz0,nat-session,ALLOW by rule 1743 (nat-session)
2022-11-11 11:59:23,10.12.11.28,42936,192.168.91.193,22,UDP,ALLOW,1588,138871,IN,wan0,malformed,ALLOW by rule 1588 (malformed)
2022-11-18 16:53:55,172.25.6.234,41673,10.164.137.200,3389,TCP,ALLOW,1341,62601,IN,wan0,suspicious,ALLOW by rule 1341 (suspicious)
2022-11-20 05:56:25,10.25.236.170,52836,10.53.228.112,22,TCP,ALLOW,1158,115088,OUT,eth0,rate-limit,ALLOW by rule 1158 (rate-limit)
2022-11-24 13:32:44,192.168.185.27,60611,10.202.20.194,22,ICMP,ALLOW,1361,57481,OUT,wan0,malformed,ALLOW by rule 1361 (malformed)
2022-11-26 08:34:33,172.29.253.187,16363,192.168.154.237,23,TCP,ALLOW,1984,48225,IN,dmz0,port-scan,ALLOW by rule 1984 (port-scan)
2022-11-27 13:41:06,10.211.95.84,38638,10.102.83.76,8080,TCP,ALLOW,1189,1293,OUT,dmz0,policy,ALLOW by rule 1189 (policy)
2022-11-29 20:33:01,192.168.14.48,58758,10.50.255.53,3389,UDP,ALLOW,1043,178630,OUT,wan0,malformed,ALLOW by rule 1043 (malformed)
2022-11-29 22:14:22,10.213.78.141,39051,10.1.122.247,53,TCP,DENY,1644,58557,IN,lan0,port-scan,DENY by rule 1644 (port-scan)
2022-12-01 00:56:19,10.30.135.144,58634,10.123.135.184,3389,UDP,DENY,1073,134681,OUT,wan0,port-scan,DENY by rule 1073 (port-scan)
2022-12-04 17:07:09,192.168.160.235,59497,192.168.23.88,8080,UDP,DENY,1758,35716,OUT,eth0,malformed,DENY by rule 1758 (malformed)
2022-12-05 18:54:45,192.168.88.232,40983,10.201.63.1,46880,TCP,DENY,1877,21907,IN,lan0,policy,DENY by rule 1877 (policy)
2022-12-10 12:28:40,10.129.249.241,2837,192.168.3.145,22,TCP,DROP,1180,23060,OUT,eth0,suspicious,DROP by rule 1180 (suspicious)
2022-12-14 21:47:03,192.168.102.108,44418,192.168.78.165,23,ICMP,ALLOW,1600,164099,OUT,wan0,suspicious,ALLOW by rule 1600 (suspicious)
2022-12-18 00:56:56,10.75.75.77,45991,192.168.173.67,53,ICMP,DROP,1301,26068,IN,wan0,port-scan,DROP by rule 1301 (port-scan)
2022-12-22 15:05:37,192.168.20.36,63684,192.168.255.161,22,ICMP,ALLOW,1585,63186,IN,wan0,allow-list,ALLOW by rule 1585 (allow-list)
2022-12-23 05:27:21,10.245.130.4,30881,192.168.73.60,3389,UDP,ALLOW,1102,102059,IN,eth0,rate-limit,ALLOW by rule 1102 (rate-limit)
2022-12-24 00:00:22,10.32.87.53,55507,192.168.25.184,8080,TCP,DENY,1785,40047,IN,wan0,allow-list,DENY by rule 1785 (allow-list)
2022-12-25 01:10:12,192.168.190.144,21764,10.180.51.32,8080,UDP,ALLOW,1880,196527,OUT,dmz0,suspicious,ALLOW by rule 1880 (suspicious)
2022-12-25 05:13:29,172.17.51.114,27268,10.117.202.64,443,ICMP,ALLOW,1718,125791,OUT,eth0,allow-list,ALLOW by rule 1718 (allow-list)
2022-12-30 02:07:27,172.23.147.93,34431,192.168.78.196,8080,TCP,ALLOW,1664,168941,OUT,eth0,nat-session,ALLOW by rule 1664 (nat-session)
2023-01-01 23:37:45,10.128.0.23,21377,192.168.250.211,46607,ICMP,DROP,1645,148167,IN,dmz0,policy,DROP by rule 1645 (policy)
2023-01-04 23:23:21,10.2.62.198,1665,192.168.236.108,23,UDP,DENY,1416,188678,IN,eth0,rate-limit,DENY by rule 1416 (rate-limit)
2023-01-11 03:39:26,172.27.76.21,9637,10.143.179.14,80,UDP,ALLOW,1423,180622,IN,lan0,rate-limit,ALLOW by rule 1423 (rate-limit)
2023-01-21 05:35:50,192.168.0.105,39058,10.95.135.153,22,UDP,ALLOW,1452,23473,OUT,dmz0,nat-session,ALLOW by rule 1452 (nat-session)
2023-01-21 12:55:47,10.128.246.136,51495,192.168.200.229,22,UDP,ALLOW,1238,110737,OUT,lan0,nat-session,ALLOW by rule 1238 (nat-session)
2023-01-25 00:32:31,172.31.242.57,33242,192.168.179.45,80,TCP,DROP,1813,152838,IN,wan0,malformed,DROP by rule 1813 (malformed)
2023-01-26 21:05:43,10.238.80.248,26019,10.169.141.192,53,ICMP,ALLOW,1375,4616,IN,dmz0,allow-list,ALLOW by rule 1375 (allow-list)
2023-01-27 00:17:19,10.106.14.73,20794,10.32.192.30,23,TCP,ALLOW,1653,139451,IN,wan0,suspicious,ALLOW by rule 1653 (suspicious)
2023-01-27 14:26:30,10.18.163.139,23854,10.137.115.201,60581,TCP,ALLOW,1153,87288,IN,wan0,nat-session,ALLOW by rule 1153 (nat-session)
2023-01-28 01:11:11,10.237.215.249,14956,10.1.145.205,80,UDP,ALLOW,1817,976,OUT,wan0,policy,ALLOW by rule 1817 (policy)
2023-01-28 21:45:20,192.168.23.244,60913,10.36.22.230,56084,ICMP,ALLOW,1152,153406,IN,lan0,port-scan,ALLOW by rule 1152 (port-scan)
2023-01-30 04:39:42,10.197.242.31,16062,10.60.66.218,443,ICMP,ALLOW,1004,3995,OUT,wan0,allow-list,ALLOW by rule 1004 (allow-list)
2023-02-02 23:15:59,10.177.169.103,60932,10.111.235.72,23,ICMP,ALLOW,1761,87352,OUT,wan0,port-scan,ALLOW by rule 1761 (port-scan)
2023-02-06 04:25:13,192.168.215.120,27829,10.127.227.78,23,TCP,ALLOW,1631,100948,OUT,wan0,port-scan,ALLOW by rule 1631 (port-scan)
2023-02-09 08:33:51,10.103.150.66,63921,10.181.55.9,3389,UDP,DENY,1835,76873,IN,dmz0,rate-limit,DENY by rule 1835 (rate-limit)
2023-02-09 08:48:53,10.103.158.223,65534,172.27.1.108,80,ICMP,ALLOW,1661,41032,IN,dmz0,policy,ALLOW by rule 1661 (policy)
2023-02-10 13:01:55,192.168.82.220,10804,10.73.62.47,53,ICMP,DROP,1911,72067,OUT,eth0,nat-session,DROP by rule 1911 (nat-session)
2023-02-13 15:32:28,192.168.49.209,61449,10.26.103.13,53,UDP,ALLOW,1034,61450,IN,lan0,allow-list,ALLOW by rule 1034 (allow-list)
2023-02-15 18:56:17,10.236.246.145,6703,10.19.200.38,443,TCP,ALLOW,1945,61377,OUT,lan0,suspicious,ALLOW by rule 1945 (suspicious)
2023-02-15 21:49:20,192.168.255.113,6274,192.168.219.211,3389,TCP,DENY,1390,50252,OUT,wan0,policy,DENY by rule 1390 (policy)
2023-02-16 18:13:14,10.30.38.233,63811,192.168.24.1,58737,TCP,DROP,1843,51842,OUT,lan0,rate-limit,DROP by rule 1843 (rate-limit)
2023-02-17 18:52:21,192.168.173.179,35740,192.168.49.151,443,TCP,ALLOW,1021,128334,IN,eth0,policy,ALLOW by rule 1021 (policy)
2023-02-21 21:43:29,10.178.254.186,53652,10.151.219.139,3389,ICMP,DENY,1576,112461,OUT,wan0,port-scan,DENY by rule 1576 (port-scan)
2023-02-22 05:34:00,192.168.178.248,62977,10.140.218.69,3389,TCP,ALLOW,1364,105885,OUT,dmz0,policy,ALLOW by rule 1364 (policy)
2023-02-25 19:41:29,10.239.85.81,44996,10.162.130.210,443,ICMP,ALLOW,1629,90047,OUT,lan0,malformed,ALLOW by rule 1629 (malformed)
2023-02-26 15:26:52,10.73.68.110,50328,10.51.49.145,80,TCP,DROP,1101,35985,OUT,dmz0,policy,DROP by rule 1101 (policy)
2023-02-26 22:09:56,10.150.101.217,11322,172.20.154.23,3389,ICMP,DROP,1931,160539,IN,lan0,rate-limit,DROP by rule 1931 (rate-limit)
2023-02-28 11:12:15,10.222.58.244,44487,192.168.86.207,53,ICMP,DENY,1044,126239,IN,lan0,nat-session,DENY by rule 1044 (nat-session)
2023-02-28 20:49:26,10.111.252.63,54298,10.211.13.22,80,UDP,ALLOW,1808,32289,IN,lan0,malformed,ALLOW by rule 1808 (malformed)
2023-02-28 20:54:05,10.83.246.13,44869,10.39.97.203,8080,TCP,DENY,1268,89776,IN,dmz0,port-scan,DENY by rule 1268 (port-scan)
2023-03-03 10:14:33,192.168.129.220,35996,192.168.4.170,3389,UDP,ALLOW,1437,43250,OUT,eth0,allow-list,ALLOW by rule 1437 (allow-list)
2023-03-06 22:55:18,192.168.191.49,64554,192.168.25.110,22,ICMP,ALLOW,1642,72087,OUT,dmz0,rate-limit,ALLOW by rule 1642 (rate-limit)
2023-03-07 14:15:13,192.168.111.187,48948,10.114.177.21,23,UDP,DENY,1734,9954,OUT,eth0,nat-session,DENY by rule 1734 (nat-session)
2023-03-10 11:10:10,10.174.200.82,31762,192.168.123.26,80,UDP,ALLOW,1367,41583,OUT,eth0,nat-session,ALLOW by rule 1367 (nat-session)
2023-03-11 02:40:45,10.235.141.63,31956,172.16.35.65,55089,ICMP,ALLOW,1217,154487,OUT,wan0,suspicious,ALLOW by rule 1217 (suspicious)
2023-03-16 06:29:35,10.224.241.186,60787,10.26.60.61,22,UDP,DENY,1389,67937,IN,eth0,malformed,DENY by rule 1389 (malformed)
2023-03-18 17:38:46,192.168.181.217,9976,10.138.214.51,443,UDP,ALLOW,1114,79721,IN,dmz0,nat-session,ALLOW by rule 1114 (nat-session)
2023-03-19 10:55:03,192.168.59.47,60165,172.21.204.6,53,TCP,ALLOW,1762,147260,OUT,lan0,allow-list,ALLOW by rule 1762 (allow-list)
2023-03-19 17:33:04,192.168.181.127,48819,10.49.42.81,23,ICMP,DENY,1509,108870,OUT,wan0,allow-list,DENY by rule 1509 (allow-list)
2023-03-29 11:55:33,192.168.228.149,41511,192.168.2.52,8080,ICMP,ALLOW,1747,187052,IN,eth0,rate-limit,ALLOW by rule 1747 (rate-limit)
2023-04-01 05:47:46,192.168.59.190,10531,10.29.34.145,443,ICMP,ALLOW,1050,53259,OUT,wan0,allow-list,ALLOW by rule 1050 (allow-list)
2023-04-04 15:06:09,10.172.238.112,42043,10.123.79.43,23,ICMP,ALLOW,1881,158263,OUT,dmz0,suspicious,ALLOW by rule 1881 (suspicious)
2023-04-07 23:57:20,192.168.31.155,24056,172.24.97.18,80,UDP,DENY,1109,2904,IN,lan0,port-scan,DENY by rule 1109 (port-scan)
2023-04-08 05:53:05,10.60.18.163,44058,192.168.42.70,23,TCP,ALLOW,1040,88268,IN,eth0,policy,ALLOW by rule 1040 (policy)
2023-04-13 12:18:08,172.26.146.220,6717,10.239.61.164,8080,ICMP,ALLOW,1115,29567,OUT,eth0,port-scan,ALLOW by rule 1115 (port-scan)
2023-04-13 17:22:51,10.4.70.82,55090,192.168.191.223,46839,ICMP,ALLOW,1763,136829,IN,lan0,malformed,ALLOW by rule 1763 (malformed)
2023-04-18 12:31:54,10.197.165.4,65183,10.227.40.100,53,TCP,DENY,1376,56516,IN,lan0,allow-list,DENY by rule 1376 (allow-list)
2023-04-19 16:08:46,192.168.112.183,48923,10.201.95.132,22,UDP,ALLOW,1646,152167,IN,lan0,suspicious,ALLOW by rule 1646 (suspicious)
2023-04-24 18:06:50,192.168.37.31,16524,10.209.20.184,22,ICMP,ALLOW,1501,7955,IN,eth0,suspicious,ALLOW by rule 1501 (suspicious)
2023-04-24 22:47:58,10.241.92.231,47996,10.109.81.173,22,ICMP,ALLOW,1803,18348,IN,eth0,rate-limit,ALLOW by rule 1803 (rate-limit)
2023-04-25 19:32:27,10.247.177.253,11928,172.25.180.178,23,TCP,ALLOW,1444,120530,OUT,wan0,suspicious,ALLOW by rule 1444 (suspicious)
2023-04-28 11:59:08,10.162.199.33,28127,10.213.213.16,56112,UDP,DENY,1296,147528,OUT,dmz0,allow-list,DENY by rule 1296 (allow-list)
2023-04-28 20:31:26,10.118.180.253,26045,10.252.143.43,443,TCP,DROP,1047,128224,OUT,wan0,rate-limit,DROP by rule 1047 (rate-limit)
2023-05-04 03:48:55,10.172.204.57,36394,10.126.50.135,443,UDP,ALLOW,1853,122152,OUT,lan0,port-scan,ALLOW by rule 1853 (port-scan)
2023-05-04 15:34:38,10.161.228.240,63896,192.168.131.236,80,TCP,DENY,1295,125520,IN,wan0,suspicious,DENY by rule 1295 (suspicious)
2023-05-06 06:30:00,10.115.122.138,2701,10.110.229.147,80,UDP,ALLOW,1041,52081,IN,eth0,suspicious,ALLOW by rule 1041 (suspicious)
2023-05-10 06:29:48,10.89.203.92,33136,10.119.58.138,8080,UDP,DROP,1194,157869,IN,lan0,rate-limit,DROP by rule 1194 (rate-limit)
2023-05-12 03:24:00,10.49.31.242,38460,10.129.11.94,3389,ICMP,ALLOW,1915,5274,IN,lan0,malformed,ALLOW by rule 1915 (malformed)
2023-05-21 15:56:21,192.168.211.11,29056,10.59.140.25,80,ICMP,ALLOW,1277,18635,OUT,eth0,nat-session,ALLOW by rule 1277 (nat-session)
2023-05-25 08:38:23,192.168.20.53,35773,10.130.54.200,3389,ICMP,DENY,1718,115910,IN,wan0,nat-session,DENY by rule 1718 (nat-session)
2023-05-31 13:38:06,10.142.115.128,16328,10.228.206.144,43666,ICMP,ALLOW,1030,134511,OUT,wan0,suspicious,ALLOW by rule 1030 (suspicious)
2023-06-05 12:51:55,192.168.135.79,36638,192.168.135.160,22,UDP,DROP,1188,86560,IN,wan0,allow-list,DROP by rule 1188 (allow-list)
2023-06-05 23:58:32,192.168.196.134,760,192.168.38.244,22,TCP,DENY,1681,178550,OUT,wan0,port-scan,DENY by rule 1681 (port-scan)
2023-06-14 17:28:30,10.47.13.178,23428,172.16.16.57,8080,UDP,ALLOW,1075,196298,IN,lan0,port-scan,ALLOW by rule 1075 (port-scan)
2023-06-25 22:11:00,10.176.116.97,54304,10.131.186.229,80,UDP,ALLOW,1861,41825,OUT,dmz0,nat-session,ALLOW by rule 1861 (nat-session)
2023-06-25 22:17:02,10.136.135.167,64722,10.59.148.215,80,UDP,DENY,1055,128061,IN,wan0,allow-list,DENY by rule 1055 (allow-list)
2023-06-26 05:39:08,192.168.51.248,11694,192.168.117.68,80,ICMP,DENY,1998,42630,OUT,lan0,policy,DENY by rule 1998 (policy)
2023-06-26 18:37:10,10.24.223.165,22963,10.61.233.150,23,TCP,ALLOW,1061,195534,OUT,dmz0,nat-session,ALLOW by rule 1061 (nat-session)
2023-06-30 06:02:44,192.168.9.2,15347,192.168.128.208,53,TCP,ALLOW,1198,19745,IN,lan0,malformed,ALLOW by rule 1198 (malformed)
2023-06-30 19:41:22,192.168.26.71,14259,10.95.156.97,8080,UDP,ALLOW,1833,134179,OUT,eth0,nat-session,ALLOW by rule 1833 (nat-session)
2023-07-13 17:21:28,192.168.77.40,32151,10.138.221.184,3389,TCP,DROP,1993,136058,OUT,wan0,rate-limit,DROP by rule 1993 (rate-limit)
2023-07-13 20:43:31,10.0.62.48,29828,192.168.91.210,53,TCP,ALLOW,1142,199135,IN,eth0,rate-limit,ALLOW by rule 1142 (rate-limit)
2023-07-13 22:29:36,10.11.71.17,37252,10.243.134.149,22,ICMP,ALLOW,1294,11044,OUT,eth0,rate-limit,ALLOW by rule 1294 (rate-limit)
2023-07-15 17:20:51,192.168.36.11,61607,192.168.92.194,22,TCP,ALLOW,1082,53109,IN,lan0,policy,ALLOW by rule 1082 (policy)
2023-07-16 02:33:16,192.168.148.192,45385,10.156.225.19,443,UDP,ALLOW,1770,97439,IN,lan0,port-scan,ALLOW by rule 1770 (port-scan)
2023-07-17 00:44:38,10.217.3.171,46609,172.24.5.100,443,TCP,DENY,1683,84176,IN,dmz0,suspicious,DENY by rule 1683 (suspicious)
2023-07-19 18:39:31,172.18.8.21,8665,192.168.151.98,443,UDP,ALLOW,1261,124364,IN,wan0,nat-session,ALLOW by rule 1261 (nat-session)
2023-07-19 23:25:55,172.19.192.109,5866,10.91.51.36,53,ICMP,DENY,1314,179145,OUT,dmz0,suspicious,DENY by rule 1314 (suspicious)
2023-07-21 03:24:17,10.71.171.209,18394,192.168.114.4,22,ICMP,ALLOW,1075,14632,OUT,eth0,port-scan,ALLOW by rule 1075 (port-scan)
2023-07-25 13:58:35,172.18.170.144,55624,10.135.142.235,443,ICMP,ALLOW,1828,74072,IN,wan0,policy,ALLOW by rule 1828 (policy)
2023-07-27 13:06:26,192.168.107.79,2812,10.131.188.229,26214,TCP,ALLOW,1760,172025,OUT,wan0,malformed,ALLOW by rule 1760 (malformed)
2023-07-29 23:10:53,192.168.191.83,9842,192.168.3.174,53,ICMP,DROP,1778,141709,IN,lan0,malformed,DROP by rule 1778 (malformed)
2023-07-29 23:15:08,10.170.56.102,53555,192.168.254.33,22,TCP,DROP,1778,54710,OUT,dmz0,nat-session,DROP by rule 1778 (nat-session)
2023-08-02 15:08:06,10.42.11.62,7061,10.217.173.40,22,TCP,DROP,1675,74527,IN,lan0,rate-limit,DROP by rule 1675 (rate-limit)
2023-08-04 08:41:12,10.67.182.123,4584,192.168.112.181,23,ICMP,DROP,1998,12459,OUT,eth0,rate-limit,DROP by rule 1998 (rate-limit)
2023-08-04 17:57:50,10.255.244.138,2218,192.168.219.80,3389,UDP,ALLOW,1411,91317,OUT,wan0,allow-list,ALLOW by rule 1411 (allow-list)
2023-08-05 07:32:28,10.90.210.55,37953,10.122.4.127,23,UDP,ALLOW,1596,35188,IN,dmz0,port-scan,ALLOW by rule 1596 (port-scan)
2023-08-05 20:06:07,192.168.2.97,54077,10.200.154.206,23,ICMP,DENY,1389,17729,OUT,dmz0,nat-session,DENY by rule 1389 (nat-session)
2023-08-08 02:38:55,10.90.174.147,9965,10.248.137.37,3389,ICMP,ALLOW,1625,128218,IN,wan0,policy,ALLOW by rule 1625 (policy)
2023-08-08 07:23:15,192.168.93.188,45088,192.168.223.178,22,UDP,ALLOW,1825,172137,OUT,dmz0,allow-list,ALLOW by rule 1825 (allow-list)
2023-08-16 05:48:43,10.231.163.230,30706,10.222.26.13,8080,UDP,ALLOW,1103,127753,OUT,dmz0,nat-session,ALLOW by rule 1103 (nat-session)
2023-08-17 06:59:41,192.168.27.226,4451,192.168.133.8,3389,TCP,ALLOW,1595,28324,IN,dmz0,port-scan,ALLOW by rule 1595 (port-scan)
2023-08-17 11:13:01,10.225.245.198,50871,10.152.29.51,443,ICMP,DENY,1648,176146,IN,dmz0,suspicious,DENY by rule 1648 (suspicious)
2023-08-18 04:46:47,172.31.29.89,56241,192.168.69.191,22,TCP,DENY,1402,161248,OUT,wan0,malformed,DENY by rule 1402 (malformed)
2023-08-21 04:50:34,172.30.222.200,34037,192.168.114.127,8080,UDP,DENY,1516,103855,IN,eth0,allow-list,DENY by rule 1516 (allow-list)
2023-08-22 21:21:51,10.150.78.141,7502,10.252.70.176,23,ICMP,ALLOW,1058,62052,OUT,dmz0,policy,ALLOW by rule 1058 (policy)
2023-08-26 08:14:55,10.188.161.194,19467,192.168.61.111,24575,UDP,ALLOW,1704,75076,OUT,eth0,policy,ALLOW by rule 1704 (policy)
2023-08-26 10:11:14,10.105.127.235,51955,192.168.17.225,53,ICMP,DROP,1811,48513,OUT,dmz0,suspicious,DROP by rule 1811 (suspicious)
2023-08-27 16:28:25,192.168.65.124,6556,10.138.244.150,53,TCP,ALLOW,1439,52306,IN,dmz0,malformed,ALLOW by rule 1439 (malformed)
2023-08-30 08:19:03,172.25.157.40,22505,10.114.221.173,18491,TCP,ALLOW,1237,183216,IN,wan0,policy,ALLOW by rule 1237 (policy)
2023-09-03 23:13:22,172.22.121.4,49638,192.168.68.203,22,UDP,ALLOW,1407,164038,OUT,lan0,suspicious,ALLOW by rule 1407 (suspicious)
2023-09-04 00:06:32,10.202.19.3,18758,10.111.88.250,80,TCP,DENY,1321,145970,IN,eth0,nat-session,DENY by rule 1321 (nat-session)
2023-09-05 14:25:13,192.168.32.198,26954,10.169.35.233,23,TCP,ALLOW,1556,47111,OUT,lan0,port-scan,ALLOW by rule 1556 (port-scan)
2023-09-07 08:52:55,10.169.58.65,8953,192.168.139.167,8080,UDP,DENY,1267,22908,OUT,dmz0,rate-limit,DENY by rule 1267 (rate-limit)
2023-09-09 18:28:25,10.34.235.43,52623,172.28.157.201,3389,ICMP,DROP,1960,176203,OUT,dmz0,allow-list,DROP by rule 1960 (allow-list)
2023-09-09 20:37:12,192.168.147.51,60453,192.168.240.247,80,ICMP,ALLOW,1677,176314,IN,wan0,nat-session,ALLOW by rule 1677 (nat-session)
2023-09-10 19:12:44,10.34.173.218,52638,192.168.57.129,53,ICMP,ALLOW,1735,16515,OUT,wan0,rate-limit,ALLOW by rule 1735 (rate-limit)
2023-09-11 23:05:38,10.228.167.170,20657,10.63.66.118,8080,UDP,ALLOW,1528,95547,IN,dmz0,nat-session,ALLOW by rule 1528 (nat-session)
2023-09-13 02:29:02,172.31.89.122,21770,10.129.165.162,443,TCP,ALLOW,1841,45544,IN,eth0,nat-session,ALLOW by rule 1841 (nat-session)
2023-09-17 12:37:17,10.116.33.180,3824,10.61.21.223,23452,ICMP,DENY,1160,39716,IN,lan0,malformed,DENY by rule 1160 (malformed)
2023-09-20 00:42:03,10.188.76.213,16752,192.168.104.114,22,UDP,ALLOW,1074,139701,OUT,eth0,nat-session,ALLOW by rule 1074 (nat-session)
2023-09-22 22:05:07,172.21.86.145,6934,192.168.25.213,45706,UDP,ALLOW,1136,171156,OUT,dmz0,malformed,ALLOW by rule 1136 (malformed)
2023-09-23 05:16:03,172.29.22.73,11165,10.69.191.221,443,UDP,ALLOW,1938,174436,OUT,lan0,malformed,ALLOW by rule 1938 (malformed)
2023-09-28 16:33:37,10.86.86.194,18977,10.112.30.202,23,TCP,DROP,1404,62286,IN,lan0,nat-session,DROP by rule 1404 (nat-session)
2023-10-01 04:33:18,10.210.171.94,11117,10.97.3.140,22,UDP,DROP,1099,136339,OUT,dmz0,policy,DROP by rule 1099 (policy)
2023-10-02 05:18:07,192.168.225.147,18512,192.168.143.129,23,ICMP,ALLOW,1870,184075,OUT,wan0,suspicious,ALLOW by rule 1870 (suspicious)
2023-10-08 09:15:37,10.121.152.143,26902,192.168.62.30,8265,UDP,ALLOW,1070,179887,OUT,lan0,malformed,ALLOW by rule 1070 (malformed)
2023-10-09 01:10:12,10.168.62.132,60072,10.102.164.184,80,UDP,ALLOW,1617,34883,OUT,lan0,suspicious,ALLOW by rule 1617 (suspicious)
2023-10-10 17:05:31,10.250.228.77,20448,10.15.72.35,8080,TCP,ALLOW,1428,54243,IN,eth0,suspicious,ALLOW by rule 1428 (suspicious)
2023-10-21 07:24:01,10.102.216.35,18805,10.44.69.166,42449,UDP,ALLOW,1094,16449,IN,lan0,suspicious,ALLOW by rule 1094 (suspicious)
2023-10-22 07:24:36,192.168.239.142,41681,192.168.187.99,51856,TCP,DENY,1422,45526,OUT,dmz0,port-scan,DENY by rule 1422 (port-scan)
2023-10-22 10:37:14,10.178.99.103,17683,10.158.178.228,3389,TCP,DENY,1838,180490,OUT,wan0,port-scan,DENY by rule 1838 (port-scan)
2023-10-23 13:37:32,192.168.136.54,9642,10.228.166.186,8080,ICMP,ALLOW,1919,166081,OUT,lan0,policy,ALLOW by rule 1919 (policy)
2023-10-24 06:25:01,192.168.47.166,16431,10.216.133.112,22,TCP,ALLOW,1856,154309,OUT,lan0,rate-limit,ALLOW by rule 1856 (rate-limit)
2023-10-27 08:35:23,10.198.8.92,36502,10.210.221.225,3389,ICMP,DENY,1951,115242,OUT,lan0,suspicious,DENY by rule 1951 (suspicious)
2023-10-27 19:55:27,192.168.65.197,36373,10.44.40.194,13161,TCP,DENY,1013,116090,IN,wan0,nat-session,DENY by rule 1013 (nat-session)
2023-10-28 08:04:53,192.168.84.155,18093,10.204.183.56,3389,ICMP,ALLOW,1052,143109,IN,eth0,malformed,ALLOW by rule 1052 (malformed)
2023-10-29 07:59:11,192.168.91.74,44658,10.212.54.227,53,ICMP,ALLOW,1983,137321,OUT,eth0,malformed,ALLOW by rule 1983 (malformed)
2023-10-30 06:40:10,192.168.209.124,24988,172.28.116.132,443,TCP,DROP,1329,146269,IN,lan0,port-scan,DROP by rule 1329 (port-scan)
2023-10-30 09:03:15,192.168.150.235,58436,172.29.227.192,53,UDP,DROP,1266,13028,IN,lan0,rate-limit,DROP by rule 1266 (rate-limit)
2023-10-31 09:34:06,10.47.87.155,16522,10.133.8.79,80,TCP,DROP,1402,153521,IN,eth0,malformed,DROP by rule 1402 (malformed)
2023-10-31 18:56:59,10.49.60.75,5024,10.167.172.195,8080,UDP,ALLOW,1568,96301,OUT,lan0,malformed,ALLOW by rule 1568 (malformed)
2023-11-02 00:55:03,10.19.73.96,53123,192.168.0.50,443,ICMP,ALLOW,1513,169585,IN,wan0,port-scan,ALLOW by rule 1513 (port-scan)
2023-11-02 09:49:42,10.249.115.29,25376,10.101.96.40,53,UDP,DENY,1310,179933,OUT,dmz0,rate-limit,DENY by rule 1310 (rate-limit)
2023-11-02 16:36:50,10.120.129.247,12578,192.168.224.166,3389,TCP,ALLOW,1733,91947,IN,wan0,nat-session,ALLOW by rule 1733 (nat-session)
2023-11-03 10:01:09,192.168.207.162,26727,10.174.66.149,8080,TCP,DENY,1247,56650,OUT,eth0,malformed,DENY by rule 1247 (malformed)
2023-11-05 02:31:51,10.11.180.109,48229,10.63.45.69,53,ICMP,DROP,1119,75653,OUT,eth0,allow-list,DROP by rule 1119 (allow-list)
2023-11-06 00:26:28,10.72.154.130,13356,10.161.224.110,3389,ICMP,ALLOW,1703,109183,IN,eth0,rate-limit,ALLOW by rule 1703 (rate-limit)
2023-11-07 11:55:37,10.80.175.189,65509,10.184.42.12,53,UDP,DENY,1832,95974,OUT,lan0,malformed,DENY by rule 1832 (malformed)
2023-11-13 13:47:43,172.17.197.239,44163,10.73.167.76,8080,UDP,ALLOW,1496,138265,IN,eth0,allow-list,ALLOW by rule 1496 (allow-list)
2023-11-13 14:50:36,10.29.101.64,45927,10.108.56.168,53,ICMP,ALLOW,1712,99454,OUT,eth0,policy,ALLOW by rule 1712 (policy)
2023-11-14 06:14:29,192.168.8.82,25525,10.23.163.81,443,TCP,ALLOW,1637,14932,IN,lan0,policy,ALLOW by rule 1637 (policy)
2023-11-15 22:05:53,10.102.237.35,7663,172.28.38.16,23,UDP,ALLOW,1851,92928,IN,eth0,policy,ALLOW by rule 1851 (policy)
2023-11-18 03:54:47,192.168.216.246,19601,10.106.209.206,22,UDP,DROP,1709,95240,IN,wan0,port-scan,DROP by rule 1709 (port-scan)
2023-11-22 08:25:35,172.24.245.24,51582,10.141.108.108,29286,TCP,DROP,1284,38086,IN,lan0,nat-session,DROP by rule 1284 (nat-session)
2023-11-26 04:56:19,192.168.93.34,2269,10.170.6.154,3194,ICMP,ALLOW,1075,185512,OUT,lan0,malformed,ALLOW by rule 1075 (malformed)
2023-11-26 14:27:48,10.235.45.109,19474,10.149.170.51,53,UDP,DENY,1587,61321,IN,eth0,malformed,DENY by rule 1587 (malformed)
2023-11-28 17:50:25,10.103.129.172,37941,10.204.161.216,23,UDP,ALLOW,1915,165814,IN,wan0,rate-limit,ALLOW by rule 1915 (rate-limit)
2023-12-01 00:01:45,192.168.31.11,45378,10.55.44.73,22,UDP,DENY,1623,154636,OUT,wan0,policy,DENY by rule 1623 (policy)
2023-12-02 18:09:02,172.19.198.33,6269,10.102.110.1,443,ICMP,ALLOW,1551,161439,OUT,dmz0,rate-limit,ALLOW by rule 1551 (rate-limit)
2023-12-03 21:44:15,10.101.44.79,42740,192.168.178.176,8080,ICMP,DROP,1802,77933,OUT,wan0,allow-list,DROP by rule 1802 (allow-list)
2023-12-10 16:08:41,192.168.217.74,40399,192.168.183.170,3389,ICMP,DROP,1747,2438,IN,dmz0,rate-limit,DROP by rule 1747 (rate-limit)
2023-12-11 12:40:23,10.72.127.71,14607,10.77.180.50,22,ICMP,DENY,1108,107020,OUT,dmz0,nat-session,DENY by rule 1108 (nat-session)
2023-12-11 19:16:45,10.61.34.165,8850,10.99.103.192,80,UDP,ALLOW,1128,141165,IN,dmz0,nat-session,ALLOW by rule 1128 (nat-session)
2023-12-11 20:53:17,10.188.118.105,19365,172.23.174.126,80,UDP,ALLOW,1099,39370,IN,eth0,nat-session,ALLOW by rule 1099 (nat-session)
2023-12-15 13:43:30,10.140.42.11,28253,192.168.163.153,80,TCP,DROP,1660,65344,OUT,eth0,port-scan,DROP by rule 1660 (port-scan)
2023-12-24 02:14:50,172.31.254.30,46447,192.168.223.31,8080,TCP,ALLOW,1231,151703,IN,lan0,nat-session,ALLOW by rule 1231 (nat-session)
2023-12-25 01:41:27,10.201.10.163,37313,192.168.189.73,443,TCP,ALLOW,1297,35856,OUT,eth0,rate-limit,ALLOW by rule 1297 (rate-limit)
2023-12-25 10:56:43,10.132.219.145,7435,10.53.246.180,3389,ICMP,DENY,1280,32132,IN,eth0,suspicious,DENY by rule 1280 (suspicious)
2023-12-27 00:21:54,192.168.31.149,494,192.168.13.224,22,UDP,DENY,1340,96187,IN,lan0,nat-session,DENY by rule 1340 (nat-session)
2023-12-27 16:10:23,172.26.197.160,16489,10.252.108.193,80,TCP,ALLOW,1382,177948,IN,wan0,port-scan,ALLOW by rule 1382 (port-scan)
2023-12-28 08:55:14,10.188.205.142,35341,10.51.55.164,12155,ICMP,ALLOW,1678,153849,IN,eth0,suspicious,ALLOW by rule 1678 (suspicious)
